codigo,nombre,version,fecha,archivo
FO-EEJ-01,Boleta de detección de necesidades de capacitación Órganos Jurisdiccionales,6,ene-24,FO-EEJ-01 Boleta DNC Órganos Jurisdiccionales (versión 6).doc
FO-EEJ-02,Boleta de detección de necesidades de capacitación Unidades Administrativas,6,ene-24,FO-EEJ-02 Boleta DNC Unidades Administrativas v6.doc
FO-EEJ-03,Boleta de Detección de Nececidades de Capacitación Validación Entrevista,3,ene-24,FO-EEJ-03 Boleta DNC Validación Entrevista v3.docx
FO-EEJ-04,Boleta de Detección de Necesidades de Capacitación Grupos Focales,3,ene-24,FO-EEJ-04 Boleta DNC GRUPOS FOCALES v3.docx
FO-EEJ-05,Programa de Formación Judicial y Administrativo Auxiliares Judiciales,06,oct-25,FO-EEJ-05 PROGRAMA DE FORMACIÓN JUDICIAL Y ADMINISTRATIVO AUXILIARES JUDICIALES v5.docx
FO-EEJ-06,Programa de Formación Judicial y Administrativo Funcionarios y Funcionarias Judiciales,06,oct-25,FO-EEJ-06  PROGRAMA DE FORMACIÓN JUDICIAL Y ADMINISTRATIVO FUNCIONARIOS Y FUNCIONARIAS JUDICIALES v5.docx
FO-EEJ-07,Programa de Formación Judicial y Administrativo Personal Administrativo Técnico,06,oct-25,FO-EEJ-07 PROGRAMA DE FORMACIÓN JUDICIAL Y ADMINISTRATIVO PERSONAL ADMINISTRATIVO Y TÉCNICO v5.docx
FO-EEJ-08,Programa de Formación Judicial y Administrativo Área de Formación para todo el Personal del Organismo Judicial,06,oct-25,FO-EEJ-08  PROGRAMA DE FORMACIÓN JUDICIAL Y ADMINISTRATIVO TODO EL PERSONAL DEL ORGANISMO JUDICIAL v5.docx
FO-EEJ-09,Programa de Formación Judicial y Administrativo Área Género,06,oct-25,FO-EEJ-09  PROGRAMA DE FORMACIÓN JUDICIAL Y ADMINISTRATIVO GÉNERO v5.docx
FO-EEJ-10,Programa De Formación Judicial Y Administrativo Personal Administrativo de las Unidades del Sistema de Gestión de Calidad,06,oct-25,FO-EEJ-10 PROGRAMA DE FORMACIÓN JUDICIAL Y ADMINISTRATIVO PERSONAL ADMINISTRATIVO DEPENDENCIAS ISO v5.docx
FO-EEJ-11,Programa De Formación Judicial Y Administrativo Salas de la Corte de Apelaciones Certificadas Norma ISO,06,oct-25,FO-EEJ-11  PROGRAMA DE FORMACIÓN JUDICIAL Y ADMINISTRATIVO SALAS CERTIFICADAS ISO v5.docx
FO-EEJ-12,Consolidado de Requerimientos de Capacitación Unidades del Sistema de Gestión de Calidad del Organismo Judicial,05,oct-25,FO-EEJ-12 Consolidado de Requerimientos de Capacitación Unidades del SGC V.4.xlsx
FO-EEJ-13,Calendarización Ordinaria del Programa de Formación Judicial y Administrativo,8,may-24,FO-EEJ-13 CALENDARIZACIÓN ORDINARIA DEL PROGRAMA DE FORMACIÓN JUDICIAL Y ADMINISTRATIVO.doc
FO-EEJ-14,Diploma Aprobación (Digital),5,feb-25,DIPLOMAS DE LA ESCUELA DE ESTUDIOS JUDICIALES/FO-EEJ-14 DIPLOMA POR APROBACIÓN/DIGITAL - FO-EEJ-14 DIPLOMA POR APROBACIÓN.doc
FO-EEJ-14,Diploma Aprobación (Impreso),5,feb-25,DIPLOMAS DE LA ESCUELA DE ESTUDIOS JUDICIALES/FO-EEJ-14 DIPLOMA POR APROBACIÓN/IMPRESO - FO-EEJ-14 DIPLOMA POR APROBACIÓN.doc
FO-EEJ-15,Diploma Participación (Impreso),5,feb-25,DIPLOMAS DE LA ESCUELA DE ESTUDIOS JUDICIALES/FO-EEJ-15 DIPLOMA POR PARTICIPACIÓN/IMPRESO- FO-EEJ-15 DIPLOMA POR PARTICIPACIÓN.doc
FO-EEJ-15,Diploma Participación (Virtual),5,feb-25,DIPLOMAS DE LA ESCUELA DE ESTUDIOS JUDICIALES/FO-EEJ-15 DIPLOMA POR PARTICIPACIÓN/VIRTUAL - FO-EEJ-15 DIPLOMA POR PARTICIPACIÓN.doc
FO-EEJ-16,Informe de Ejecucion del Programa de Formación Judicial y Administrativo,4,ene-24,FO-EEJ-16 INFORME DE EJECUCION DEL PROGRAMA DE FORMACION JUDICIAL Y ADMINISTRATIVO-V4.doc
FO-EEJ-17,Informe de Ejecucion del Programa de Formación Judicial y Administrativo de Personal de las Unidades del Sistema de Gestión de Calidad,4,ene-24,FO-EEJ-17 INFORME DE EJECUCION DE ACTIVIDADES ACADEMICAS OFERTA DEP SGC-VERSION 4.doc
FO-EEJ-18,Calendarización Extraordinaria del Programa de Formación Judicial y Administrativo,7,may-24,FO-EEJ-18 CALENDARIZACIÓN EXTRAORDINARIA DEL PROGRAMA DE FORMACIÓN JUDICIAL Y ADMINISTRATIVO.doc
FO-EEJ-19,Informe Final de Actividad Académica,4,ene-24,FO-EEJ-19 INFORME FINAL DE ACTIVIDAD ACADÉMICA (modelo).PDF
FO-EEJ-20,Programación Preliminar Anual del Programa de Formación Judicial y Administrativo,4,ene-24,FO-EEJ-20 PROGRAMACIÓN PRELIMINAR ANUAL DEL PROGRAMA DE FORMACIÓN JUDICIAL Y ADMINISTRATIVO-VERSION 4.xlsx
FO-EEJ-21,Servicio No Conforme,5,N/A,FO-EEJ-21 SERVICIO NO CONFORME versión 5.docx
FO-EEJ-22,Lista de Verificación de Documentación que Conforma el Expediente de Actividades Académicas,4,mar-25,FO-EEJ-22 INTEGRACIÓN DE EXPEDIENTE ACADÉMICO Y NORMATIVA v4.pdf
FO-EEJ-23,Encuesta de Actividad Académica e-learning Plataforma Moodle,3,ene-24,FO-EEJ-23 Encuesta e-learning MOODLE.doc
FO-EEJ-24,Encuesta Actividad Académica e-learning Plataforma Zoom y Moodle,3,ene-24,FO-EEJ-24 ENCUESTA  e-learning PLATAFORMA ZOOM Y MOODLE.doc
FO-EEJ-25,Diseño Curricular,4,feb-25,FO-EEJ-25  DISEÑO CURRICULAR V.4.docx
FO-EEJ-26,Informe de Monitoreo Pedagógico Modalidad Virtual Actividades ISO Mediante Plataforma Moodle y Zoom,3,ene-24,FO-EEJ-26 Monitoreo pedagógico virtual Act ISO Plataforma y Zoom.docx
FO-EEJ-27,Informe de Monitoreo Pedagógico Modalidad Virtual Actividades ISO Mediante Plataforma Zoom,3,ene-24,FO-EEJ-27 monitoreo pedagógico virtual Act ISO Zoom.docx
FO-EEJ-28,Instrumento para evaluar la eficacia de la capacitación,4,ene-24,FO-EEJ-28_INSTRUMENTO PARA EVALUAR LA EFICACIA DE LA CAPACITACIÓN_GC_FAB.docx
FO-EEJ-29,Informe de Encuesta de Actividad Académica en Plataforma Zoom y Moodle,3,ene-24,FO-EEJ-29  Informe de encuesta de actividad académica plataforma Zoom y Moodle.xlsx
FO-EEJ-30,Informe de Encuesta de Actividad Académica en Plataforma Moodle,3,ene-24,FO-EEJ-30 INFORME DE ENCUESTA DE ACTIVIDAD ACADEMICA EN PLATAFORMA MOODLE.xlsx
FO-EEJ-31,Informe para Evaluar la Eficacia de la Capacitación,4,ene-24,FO-EEJ-31 INFORME PARA EVALUAR LA EFICACIA DE LA CAPACITACIÓN VERSIÓN 4.doc
FO-EEJ-32,Contenido Programático para Actividad Académica Ordinaria o Extraordinaria,5,feb-25,FO-EEJ-32 CONTENIDO PROGRAMÁTICO V.5.docx
FO-EEJ-33,Plantilla Convocatoria Consejo de la Carrera Judicial,4,abr-25,PLANTILLAS DE CONVOCATORIAS/FO-EEJ-33 Plantilla Convocatoria sin Inscripción de Discente v.4.docx
FO-EEJ-34,Cronograma de Mantenimiento Preventivo de Equipo Crítico,5,ene-24,FO-EEJ-34 CRONOGRAMA DE MANTENIMIENTO PREVENTIVO DE EQUIPO CRÍTICO.xlsx
FO-EEJ-35,Plantilla de Convocatoria con Inscripción de Discente,1,abr-25,PLANTILLAS DE CONVOCATORIAS/FO-EEJ-35 Plantilla de Convocatoria con previa Inscripción de discente ....docx
FO-EEJ-36,Plantilla de convocatoria RIAEJ,1,abr-25,PLANTILLAS DE CONVOCATORIAS/FO-EEJ-36 PLANTILLA DE CONVOCATORIA RIAEJ.docx
FO-EEJ-38,Convocatoria Externa para Integrar Red Docente,6,abr-25,PLANTILLAS DE CONVOCATORIAS/FO-EEJ-38 CONVOCATORIA PARA INTEGRAR RED DOCENTE EXTERNA V6.docx
FO-EEJ-39,Convocatoria Interna para Integrar Red Docente,6,abr-25,PLANTILLAS DE CONVOCATORIAS/FO-EEJ-39 CONVOCATORIA PARA INTEGRAR RED DOCENTE INTERNA V6.docx
FO-EEJ-40,Cronograma de Actividades de Mantenimiento y Reparación de Vehículos,3,ene-24,FO-EEJ-40 Cronograma de Actividades de Mantenimiento y Reparación de Vehículos.xlsx
FO-EEJ-41,Cronograma de Actividades de Mantenimiento y Reparación de Infraestructura,05,feb-26,FO-EEJ-41 CRONOGRAMA DE ACTIVIDADES DE MANTENIMIENTO Y REPARACIÓN DE INFRAESTRUCTURA.xls
FO-EEJ-42,Programa del Curso Virtual,3,ene-24,FO-EEJ-42 PROGRAMA DEL CURSO VIRTUAL.doc
FO-EEJ-43,Cronograma de Actividades - Modalidad Virtual,3,ene-24,FO-EEJ-43 CRONOGRAMA DE ACTIVIDADES MODALIDAD VIRTUAL.docx
FO-EEJ-44,Nómina de Discentes y Docentes para Matricular en Cursos en Plataforma Educativa,4,ene-24,FO-EEJ-44 NÓMINA DE DISCENTES Y DOCENTES PARA MATRICULAR EN CURSOS EN PLATAFORMA EDUCATIVA V4.xls
FO-EEJ-45,Programación Mensual de Cursos en Plataforma Educativa,3,ene-24,FO-EEJ-45 PROGRAMACIÓN MENSUAL DE CURSOS EN PLATAFORMA EDUCATIVA.xlsx
FO-EEJ-46,Diploma Participación con Cooperante,3,feb-25,DIPLOMAS DE LA ESCUELA DE ESTUDIOS JUDICIALES/FO-EEJ-46 DIPLOMA PARTICIPACIÓN CON COOPERANTE/FO-EEJ-46 DIPLOMA PARTICIPACIÓN CON COOPERANTE.DOC
FO-EEJ-47,Plan de Trabajo Área de Detección de Necesidades de Capacitación,3,ene-24,FO-EEJ-47 Plan de Trabajo Área de Detección de Necesidades de Capacitación.docx
FO-EEJ-48,Lista de Chequeo para Vehículo de la Escuela de Estudios Judiciales,4,ene-24,FO-EEJ-48 Lista de Chequeo para Vehiculo de la Escuela de Estudios Judiciales.pdf
FO-EEJ-49,Resumen de Inventario Equipo Crítico de la Escuela de Estudios Judiciales,3,ene-24,FO-EEJ-49 RESUMEN DE INVENTARIO EQUIPO CRÍTICO DE LA ESCUELA DE ESTUDIOS JUDICIALES.xlsx
FO-EEJ-50,Listado de Vehiculos Asociados,3,ene-24,FO-EEJ-50 LISTADO DE VEHÍCULOS ASOCIADOS.doc
FO-EEJ-51,Plan de Trabajo Area Academico- Investigativa y Evaluación de la Eficacia de la Capacitación,2,ene-24,FO-EEJ-51 Plan de trabajo para realizar evaluación de la eficiacia.doc
FO-EEJ-52,Check List de Papelería de Mantenimiento de Vehículos,3,ene-24,FO-EEJ-52 Check List de Papelería de Mantenimiento de Vehículos.pdf
FO-EEJ-54,Informe de Monitoreo Pedagógico Modalidad Presencial,3,ene-24,FO-EEJ-54 Informe de Monitoreo Pedagógico Modalidad Presencial.docx
FO-EEJ-55,Informe de Monitoreo Pedagógico Modalidad Semipresencial,3,ene-24,FO-EEJ-55 Informe de Monitoreo Pedagógico Modalidad Semipresencial.docx
FO-EEJ-56,Formulario de Cancelación y/o Reprogramación de Actividad Académica,4,ene-24,FO-EEJ-56 FORMULARIO DE CANCELACIÓN Y-O REPROGRAMACIÓN DE ACTIVIDADES ACADÉMICAS.pdf
FO-EEJ-57,Encuesta de Actividad Académica e-learning Plataforma Moodle / Formación Inicial,3,ene-24,FO-EEJ-57 Encuesta de Actividad Académica e-learning Plataforma Moodle  Formación Inicial.doc
FO-EEJ-58,Informe de Encuesta de Actividad Académica en Plataforma Moodle / Formación Inicial,3,ene-24,FO-EEJ-58 Informe de Encuesta de Actividad Académica en Plataforma Moodle  Formación Inicial .xlsx
FO-EEJ-59,Estadística de Servicio No Conforme de la Escuela de Estudios Judiciales,3,ene-24,FO-EEJ-59 Estadística de Servicio No Conforme de la Escuela de Estudios Judiciales.xlsx
FO-EEJ-60,Ficha de Indicadores de Proceso,3,ene-24,FO-EEJ-60 Ficha de Indicadores EEJ - Año 2024.xlsx
FO-EEJ-61,Listado de Control de Documentación de Pilotos,2,ene-24,FO-EEJ-61 LISTADO DE CONTROL DE DOCUMENTACIÓN DE PILOTOS.xls
FO-EEJ-62,Listado de Asistencia para actividades presenciales,2,ene-24,FO-EEJ-62 LISTADO DE ASISTENCIA PARA ACTIVIDADES PRESENCIALES.pdf
FO-EEJ-63,Requerimiento de Insumos para Capacitación,3,ene-24,FO-EEJ-63 REQUERIMIENTO DE INSUMOS PARA CAPACITACIÓN.doc
FO-EEJ-64,Requerimiento de Docente Externo,3,oct-26,FO-EEJ-64 REQUERIMIENTO DE DOCENTE EXTERNO.doc
FO-EEJ-65,Nómina de Participantes,3,mar-24,FO-EEJ-65 NÓMINA DE PARTICIPANTES.doc
FO-EEJ-66,Listado de Asistencia para Actividades Virtuales,3,feb-25,FO-EEJ-66 LISTADO DE ASISTENCIA PARA ACTIVIDADES VIRTUALES v.3.xlsx
FO-EEJ-67,Matriz de comunicación de la Escuela de Estudios Judiciales,2,ene-24,FO-EEJ-67 MATRIZ DE COMUNICACIÓN DE LA ESCUELA DE ESTUDIOS JUDICIALES.xlsx
FO-EEJ-68,Cronograma Modalidad Presencial,2,ene-24,FO-EEJ-68 CRONOGRAMA DE ACTIVIDADES MODALIDAD PRESENCIAL.doc
FO-EEJ-69,Oficio interno/externo,2,ene-24,FO-EEJ-69 OFICIO.docx
FO-EEJ-70,Jueces y Magistrados Docentes,3,may-24,FO-EEJ-70- JUECES Y MAGISTRADOS DOCENTES.xlsx
FO-EEJ-71,Docentes Externos,2,ene-24,FO-EEJ-71 DOCENTES EXTERNOS .xlsx
FO-EEJ-72,Control de Conocimientos Organizacionales,1,feb-24,FO-EEJ-72 Control de Conocimientos Organizacionales.pdf
FO-EEJ-73,Recolección de Insumos para Diseño Curricular o Contenido Programático,2,feb-25,FO-EEJ-73 RECOLECCIÓN DE INSUMOS PARA DISEÑO CURRICULAR V2.docx
FO-EEJ-74,Listado de Asistencia Actividades Presenciales,1,may-24,FO-EEJ-74 LISTADO DE ASISTENCIA ACTIVIDADES PRESENCIALES.doc
FO-EEJ-75,Diploma de participación de Cámaras del Organismo Judicial,1,jul-24,DIPLOMAS DE LA ESCUELA DE ESTUDIOS JUDICIALES/FO-EEJ-75 DIPLOMA DE CAMARA/FO-EEJ-75 DIPLOMA DE PARTICIPACIÓN EMITIDO POR LAS CAMARAS DEL ORGANISMO JUDICIAL.DOC
FO-EEJ-76,Reporte de Servicio no conforme - Rechazo de Convocatoria para Participar en Actividades Académicas,1,ago-24,FO-EEJ-76 Servicio no conforme - RECHAZO DE CONVOCATORIA PARA ACTIVIDADES.pdf
FO-EEJ-77,Programa de Formación Judicial y Administrativo Programas de Especialización,2,oct-25,FO-EEJ-77 PROGRAMA DE FORMACIÓN JUDICIAL Y ADMIN DE ESPECIALIZACIONES.docx
FO-EEJ-79,Evaluación de la Actividad Académica por el Discente,4,may-24,FO-EEJ-79 Evaluación de la actividad académica/FO-EEJ-79 EVALUACIÓN DE LA ACTIVIDAD ACADÉMICA-VERSION 4.docx
FO-EEJ-80,Registro de Docentes Invitados,2,ene-24,FO-EEJ-80 REGISTRO DOCENTES INVITADOS.xlsx
IT-EEJ-01,Instructivo de Mantenimiento Preventivo de Vehiculos de la Escuela de Estudios Judiciales,3,ene-24,IT-EEJ-01 INSTRUCTIVO DE MANTENIMIENTO PREVENTIVO DE VEHICULOS.pdf
